subject	region	channel	trial_idx
sub-P7	RMTG	43	4
sub-P7	RMTG	43	6
sub-P7	RMTG	43	9
sub-P7	RMTG	43	10
sub-P7	RMTG	43	13
sub-P7	RMTG	43	17
sub-P7	RMTG	43	18
sub-P7	RMTG	43	21
sub-P7	RMTG	43	22
sub-P7	RMTG	43	23
sub-P7	RMTG	43	24
sub-P7	RMTG	43	25
sub-P7	RMTG	43	27
sub-P7	RMTG	43	29
sub-P7	RMTG	43	31
sub-P7	RMTG	43	32
sub-P7	RMTG	43	33
sub-P7	RMTG	43	34
sub-P7	RMTG	43	35
sub-P7	RMTG	43	36
sub-P7	RMTG	43	38
sub-P7	RMTG	43	41
sub-P7	RMTG	43	43
sub-P7	RMTG	43	44
sub-P7	RMTG	43	45
sub-P7	RMTG	43	46
sub-P7	RMTG	43	47
sub-P7	RMTG	43	48
sub-P7	RMTG	43	49
sub-P7	RMTG	43	51
sub-P7	RMTG	43	52
sub-P7	RMTG	43	53
sub-P7	RMTG	43	56
sub-P7	RMTG	43	57
sub-P7	RMTG	43	58
sub-P7	RMTG	43	60
sub-P7	RMTG	43	61
sub-P7	RMTG	43	62
sub-P7	RMTG	43	64
sub-P7	RMTG	43	65
sub-P7	RMTG	43	66
sub-P7	RMTG	43	68
sub-P7	RMTG	43	70
sub-P7	RMTG	43	73
sub-P7	RMTG	43	74
sub-P7	RMTG	43	75
sub-P7	RMTG	43	78
sub-P7	RMTG	43	80
sub-P7	RMTG	43	81
sub-P7	RMTG	43	82
sub-P7	RMTG	43	83
sub-P7	RMTG	43	85
sub-P7	RMTG	43	86
sub-P7	RMTG	43	87
sub-P7	RMTG	43	88
sub-P7	RMTG	43	90
sub-P7	RMTG	43	91
sub-P7	RMTG	43	93
sub-P7	RMTG	43	94
sub-P7	RMTG	43	96
sub-P7	RMTG	43	99
sub-P7	RMTG	43	101
sub-P7	RMTG	43	102
sub-P7	RMTG	43	103
sub-P7	RMTG	43	104
sub-P7	RMTG	43	105
sub-P7	RMTG	43	107
sub-P7	RMTG	43	110
sub-P7	RMTG	43	112
sub-P7	RMTG	43	113
sub-P7	RMTG	43	114
sub-P7	RMTG	43	117
sub-P7	RMTG	43	120
sub-P7	RMTG	43	125
sub-P7	RMTG	43	126
sub-P7	RMTG	43	127
sub-P7	RMTG	43	128
sub-P7	RMTG	43	129
sub-P7	RMTG	43	130
sub-P7	RMTG	43	131
sub-P7	RMTG	43	137
sub-P7	RMTG	43	140
sub-P7	RMTG	43	143
sub-P7	RMTG	43	144
sub-P7	RMTG	43	145
sub-P7	RMTG	43	147
sub-P7	RMTG	43	149
sub-P7	RMTG	43	152
sub-P7	RMTG	43	154
sub-P7	RMTG	43	155
sub-P7	RMTG	43	156
sub-P7	RMTG	43	158
sub-P7	RMTG	43	159
sub-P7	RMTG	43	160
sub-P7	RMTG	43	161
sub-P7	RMTG	43	165
sub-P7	RMTG	43	167
sub-P7	RMTG	43	169
sub-P7	RMTG	43	170
sub-P7	RMTG	43	171
sub-P7	RMTG	43	172
sub-P7	RMTG	43	173
sub-P7	RMTG	43	174
sub-P7	RMTG	43	175
sub-P7	RMTG	43	176
sub-P7	RMTG	43	177
sub-P7	RMTG	43	182
sub-P7	RMTG	43	183
sub-P7	RMTG	43	185
sub-P7	RMTG	43	189
sub-P7	RMTG	43	190
sub-P7	RMTG	43	191
sub-P7	RMTG	43	192
sub-P7	RMTG	43	194
sub-P7	RMTG	43	195
sub-P7	RMTG	43	198
sub-P7	RMTG	43	199
sub-P7	RMTG	43	201
sub-P7	RMTG	43	202
sub-P7	RMTG	43	203
sub-P7	RMTG	43	204
sub-P7	RMTG	43	205
sub-P7	RMTG	43	206
sub-P7	RMTG	43	207
sub-P7	RMTG	43	209
sub-P7	RMTG	43	210
sub-P7	RMTG	43	214
sub-P7	RMTG	43	215
sub-P7	RMTG	43	217
sub-P7	RMTG	43	219
sub-P7	RMTG	43	221
sub-P7	RMTG	43	223
sub-P7	RMTG	43	225
sub-P7	RMTG	43	226
sub-P7	RMTG	43	230
sub-P7	RMTG	43	231
sub-P7	RMTG	43	232
sub-P7	RMTG	43	240
sub-P7	RMTG	43	244
sub-P7	RMTG	43	248
sub-P7	RMTG	43	250
sub-P7	RMTG	43	252
sub-P7	RMTG	43	253
sub-P7	RMTG	43	255
sub-P7	RMTG	43	258
sub-P7	RMTG	43	260
sub-P7	RMTG	43	263
sub-P7	RMTG	43	271
sub-P7	RMTG	43	273
sub-P7	RMTG	43	274
sub-P7	RMTG	43	275
sub-P7	RMTG	43	277
sub-P7	RMTG	43	280
sub-P7	RMTG	43	283
sub-P7	RMTG	43	284
sub-P7	RMTG	43	285
sub-P7	RMTG	43	286
sub-P7	RMTG	43	288
sub-P7	RMTG	43	291
sub-P7	RMTG	43	292
sub-P7	RMTG	43	295
sub-P7	RMTG	43	299
sub-P7	RMTG	43	301
sub-P7	RMTG	43	304
sub-P7	RMTG	43	306
sub-P7	RMTG	43	309
sub-P7	RMTG	43	315
sub-P7	RMTG	43	317
sub-P7	RMTG	43	319
sub-P7	RMTG	43	322
sub-P7	RMTG	43	323
sub-P7	RMTG	43	324
sub-P7	RMTG	43	327
sub-P7	RMTG	43	328
sub-P7	RMTG	43	329
sub-P7	RMTG	43	331
sub-P7	RMTG	43	332
sub-P7	RMTG	43	334
sub-P7	RMTG	43	335
sub-P7	RMTG	43	337
sub-P7	RMTG	43	338
sub-P7	RMTG	43	339
sub-P7	RMTG	43	343
sub-P7	RMTG	43	346
sub-P7	RMTG	43	349
sub-P7	RMTG	43	353
sub-P7	RMTG	43	358
sub-P7	RMTG	43	361
sub-P7	RMTG	43	364
sub-P7	RMTG	43	366
sub-P7	RMTG	43	370
sub-P7	RMTG	43	371
sub-P7	RMTG	43	373
sub-P7	RMTG	43	379
sub-P7	RMTG	44	4
sub-P7	RMTG	44	6
sub-P7	RMTG	44	9
sub-P7	RMTG	44	10
sub-P7	RMTG	44	13
sub-P7	RMTG	44	17
sub-P7	RMTG	44	18
sub-P7	RMTG	44	21
sub-P7	RMTG	44	22
sub-P7	RMTG	44	23
sub-P7	RMTG	44	24
sub-P7	RMTG	44	25
sub-P7	RMTG	44	27
sub-P7	RMTG	44	29
sub-P7	RMTG	44	31
sub-P7	RMTG	44	32
sub-P7	RMTG	44	33
sub-P7	RMTG	44	34
sub-P7	RMTG	44	35
sub-P7	RMTG	44	36
sub-P7	RMTG	44	38
sub-P7	RMTG	44	41
sub-P7	RMTG	44	43
sub-P7	RMTG	44	44
sub-P7	RMTG	44	45
sub-P7	RMTG	44	46
sub-P7	RMTG	44	47
sub-P7	RMTG	44	48
sub-P7	RMTG	44	49
sub-P7	RMTG	44	51
sub-P7	RMTG	44	52
sub-P7	RMTG	44	53
sub-P7	RMTG	44	56
sub-P7	RMTG	44	57
sub-P7	RMTG	44	58
sub-P7	RMTG	44	60
sub-P7	RMTG	44	61
sub-P7	RMTG	44	62
sub-P7	RMTG	44	64
sub-P7	RMTG	44	65
sub-P7	RMTG	44	66
sub-P7	RMTG	44	68
sub-P7	RMTG	44	69
sub-P7	RMTG	44	70
sub-P7	RMTG	44	73
sub-P7	RMTG	44	74
sub-P7	RMTG	44	75
sub-P7	RMTG	44	77
sub-P7	RMTG	44	78
sub-P7	RMTG	44	80
sub-P7	RMTG	44	81
sub-P7	RMTG	44	82
sub-P7	RMTG	44	83
sub-P7	RMTG	44	84
sub-P7	RMTG	44	85
sub-P7	RMTG	44	86
sub-P7	RMTG	44	87
sub-P7	RMTG	44	88
sub-P7	RMTG	44	90
sub-P7	RMTG	44	91
sub-P7	RMTG	44	93
sub-P7	RMTG	44	94
sub-P7	RMTG	44	96
sub-P7	RMTG	44	99
sub-P7	RMTG	44	100
sub-P7	RMTG	44	101
sub-P7	RMTG	44	102
sub-P7	RMTG	44	103
sub-P7	RMTG	44	104
sub-P7	RMTG	44	105
sub-P7	RMTG	44	107
sub-P7	RMTG	44	110
sub-P7	RMTG	44	112
sub-P7	RMTG	44	113
sub-P7	RMTG	44	114
sub-P7	RMTG	44	117
sub-P7	RMTG	44	118
sub-P7	RMTG	44	120
sub-P7	RMTG	44	122
sub-P7	RMTG	44	125
sub-P7	RMTG	44	126
sub-P7	RMTG	44	127
sub-P7	RMTG	44	128
sub-P7	RMTG	44	129
sub-P7	RMTG	44	130
sub-P7	RMTG	44	131
sub-P7	RMTG	44	132
sub-P7	RMTG	44	133
sub-P7	RMTG	44	135
sub-P7	RMTG	44	137
sub-P7	RMTG	44	140
sub-P7	RMTG	44	141
sub-P7	RMTG	44	143
sub-P7	RMTG	44	144
sub-P7	RMTG	44	145
sub-P7	RMTG	44	147
sub-P7	RMTG	44	149
sub-P7	RMTG	44	150
sub-P7	RMTG	44	152
sub-P7	RMTG	44	154
sub-P7	RMTG	44	155
sub-P7	RMTG	44	156
sub-P7	RMTG	44	158
sub-P7	RMTG	44	159
sub-P7	RMTG	44	160
sub-P7	RMTG	44	161
sub-P7	RMTG	44	165
sub-P7	RMTG	44	166
sub-P7	RMTG	44	167
sub-P7	RMTG	44	169
sub-P7	RMTG	44	170
sub-P7	RMTG	44	172
sub-P7	RMTG	44	173
sub-P7	RMTG	44	174
sub-P7	RMTG	44	175
sub-P7	RMTG	44	176
sub-P7	RMTG	44	177
sub-P7	RMTG	44	178
sub-P7	RMTG	44	179
sub-P7	RMTG	44	181
sub-P7	RMTG	44	182
sub-P7	RMTG	44	183
sub-P7	RMTG	44	185
sub-P7	RMTG	44	189
sub-P7	RMTG	44	191
sub-P7	RMTG	44	192
sub-P7	RMTG	44	193
sub-P7	RMTG	44	194
sub-P7	RMTG	44	195
sub-P7	RMTG	44	197
sub-P7	RMTG	44	198
sub-P7	RMTG	44	199
sub-P7	RMTG	44	201
sub-P7	RMTG	44	203
sub-P7	RMTG	44	204
sub-P7	RMTG	44	205
sub-P7	RMTG	44	206
sub-P7	RMTG	44	207
sub-P7	RMTG	44	209
sub-P7	RMTG	44	210
sub-P7	RMTG	44	211
sub-P7	RMTG	44	212
sub-P7	RMTG	44	214
sub-P7	RMTG	44	215
sub-P7	RMTG	44	217
sub-P7	RMTG	44	219
sub-P7	RMTG	44	221
sub-P7	RMTG	44	223
sub-P7	RMTG	44	224
sub-P7	RMTG	44	225
sub-P7	RMTG	44	226
sub-P7	RMTG	44	228
sub-P7	RMTG	44	230
sub-P7	RMTG	44	231
sub-P7	RMTG	44	232
sub-P7	RMTG	44	236
sub-P7	RMTG	44	239
sub-P7	RMTG	44	240
sub-P7	RMTG	44	241
sub-P7	RMTG	44	244
sub-P7	RMTG	44	248
sub-P7	RMTG	44	250
sub-P7	RMTG	44	252
sub-P7	RMTG	44	253
sub-P7	RMTG	44	255
sub-P7	RMTG	44	256
sub-P7	RMTG	44	258
sub-P7	RMTG	44	259
sub-P7	RMTG	44	260
sub-P7	RMTG	44	263
sub-P7	RMTG	44	271
sub-P7	RMTG	44	273
sub-P7	RMTG	44	274
sub-P7	RMTG	44	275
sub-P7	RMTG	44	277
sub-P7	RMTG	44	280
sub-P7	RMTG	44	283
sub-P7	RMTG	44	284
sub-P7	RMTG	44	285
sub-P7	RMTG	44	286
sub-P7	RMTG	44	287
sub-P7	RMTG	44	288
sub-P7	RMTG	44	290
sub-P7	RMTG	44	291
sub-P7	RMTG	44	292
sub-P7	RMTG	44	295
sub-P7	RMTG	44	296
sub-P7	RMTG	44	298
sub-P7	RMTG	44	299
sub-P7	RMTG	44	301
sub-P7	RMTG	44	304
sub-P7	RMTG	44	305
sub-P7	RMTG	44	306
sub-P7	RMTG	44	309
sub-P7	RMTG	44	315
sub-P7	RMTG	44	317
sub-P7	RMTG	44	319
sub-P7	RMTG	44	320
sub-P7	RMTG	44	322
sub-P7	RMTG	44	323
sub-P7	RMTG	44	324
sub-P7	RMTG	44	327
sub-P7	RMTG	44	328
sub-P7	RMTG	44	329
sub-P7	RMTG	44	331
sub-P7	RMTG	44	332
sub-P7	RMTG	44	334
sub-P7	RMTG	44	337
sub-P7	RMTG	44	338
sub-P7	RMTG	44	339
sub-P7	RMTG	44	341
sub-P7	RMTG	44	343
sub-P7	RMTG	44	346
sub-P7	RMTG	44	349
sub-P7	RMTG	44	353
sub-P7	RMTG	44	355
sub-P7	RMTG	44	358
sub-P7	RMTG	44	359
sub-P7	RMTG	44	360
sub-P7	RMTG	44	361
sub-P7	RMTG	44	364
sub-P7	RMTG	44	366
sub-P7	RMTG	44	367
sub-P7	RMTG	44	368
sub-P7	RMTG	44	369
sub-P7	RMTG	44	370
sub-P7	RMTG	44	371
sub-P7	RMTG	44	373
sub-P7	RMTG	44	377
sub-P7	RMTG	44	379
sub-P7	RMTG	45	4
sub-P7	RMTG	45	6
sub-P7	RMTG	45	9
sub-P7	RMTG	45	10
sub-P7	RMTG	45	13
sub-P7	RMTG	45	17
sub-P7	RMTG	45	18
sub-P7	RMTG	45	21
sub-P7	RMTG	45	22
sub-P7	RMTG	45	23
sub-P7	RMTG	45	24
sub-P7	RMTG	45	25
sub-P7	RMTG	45	27
sub-P7	RMTG	45	29
sub-P7	RMTG	45	31
sub-P7	RMTG	45	32
sub-P7	RMTG	45	33
sub-P7	RMTG	45	34
sub-P7	RMTG	45	35
sub-P7	RMTG	45	36
sub-P7	RMTG	45	38
sub-P7	RMTG	45	41
sub-P7	RMTG	45	43
sub-P7	RMTG	45	44
sub-P7	RMTG	45	45
sub-P7	RMTG	45	46
sub-P7	RMTG	45	47
sub-P7	RMTG	45	48
sub-P7	RMTG	45	49
sub-P7	RMTG	45	51
sub-P7	RMTG	45	52
sub-P7	RMTG	45	53
sub-P7	RMTG	45	56
sub-P7	RMTG	45	57
sub-P7	RMTG	45	58
sub-P7	RMTG	45	60
sub-P7	RMTG	45	61
sub-P7	RMTG	45	62
sub-P7	RMTG	45	64
sub-P7	RMTG	45	65
sub-P7	RMTG	45	66
sub-P7	RMTG	45	68
sub-P7	RMTG	45	69
sub-P7	RMTG	45	70
sub-P7	RMTG	45	73
sub-P7	RMTG	45	74
sub-P7	RMTG	45	75
sub-P7	RMTG	45	77
sub-P7	RMTG	45	78
sub-P7	RMTG	45	80
sub-P7	RMTG	45	81
sub-P7	RMTG	45	82
sub-P7	RMTG	45	83
sub-P7	RMTG	45	84
sub-P7	RMTG	45	85
sub-P7	RMTG	45	86
sub-P7	RMTG	45	87
sub-P7	RMTG	45	88
sub-P7	RMTG	45	90
sub-P7	RMTG	45	91
sub-P7	RMTG	45	93
sub-P7	RMTG	45	94
sub-P7	RMTG	45	96
sub-P7	RMTG	45	99
sub-P7	RMTG	45	100
sub-P7	RMTG	45	101
sub-P7	RMTG	45	102
sub-P7	RMTG	45	103
sub-P7	RMTG	45	104
sub-P7	RMTG	45	105
sub-P7	RMTG	45	110
sub-P7	RMTG	45	112
sub-P7	RMTG	45	113
sub-P7	RMTG	45	114
sub-P7	RMTG	45	117
sub-P7	RMTG	45	118
sub-P7	RMTG	45	120
sub-P7	RMTG	45	122
sub-P7	RMTG	45	125
sub-P7	RMTG	45	126
sub-P7	RMTG	45	127
sub-P7	RMTG	45	128
sub-P7	RMTG	45	129
sub-P7	RMTG	45	130
sub-P7	RMTG	45	131
sub-P7	RMTG	45	132
sub-P7	RMTG	45	133
sub-P7	RMTG	45	134
sub-P7	RMTG	45	135
sub-P7	RMTG	45	137
sub-P7	RMTG	45	140
sub-P7	RMTG	45	141
sub-P7	RMTG	45	143
sub-P7	RMTG	45	144
sub-P7	RMTG	45	145
sub-P7	RMTG	45	147
sub-P7	RMTG	45	149
sub-P7	RMTG	45	150
sub-P7	RMTG	45	152
sub-P7	RMTG	45	154
sub-P7	RMTG	45	155
sub-P7	RMTG	45	156
sub-P7	RMTG	45	158
sub-P7	RMTG	45	159
sub-P7	RMTG	45	160
sub-P7	RMTG	45	161
sub-P7	RMTG	45	165
sub-P7	RMTG	45	166
sub-P7	RMTG	45	167
sub-P7	RMTG	45	169
sub-P7	RMTG	45	170
sub-P7	RMTG	45	172
sub-P7	RMTG	45	173
sub-P7	RMTG	45	174
sub-P7	RMTG	45	175
sub-P7	RMTG	45	176
sub-P7	RMTG	45	177
sub-P7	RMTG	45	178
sub-P7	RMTG	45	179
sub-P7	RMTG	45	181
sub-P7	RMTG	45	182
sub-P7	RMTG	45	183
sub-P7	RMTG	45	185
sub-P7	RMTG	45	189
sub-P7	RMTG	45	190
sub-P7	RMTG	45	191
sub-P7	RMTG	45	192
sub-P7	RMTG	45	194
sub-P7	RMTG	45	195
sub-P7	RMTG	45	197
sub-P7	RMTG	45	198
sub-P7	RMTG	45	199
sub-P7	RMTG	45	201
sub-P7	RMTG	45	202
sub-P7	RMTG	45	203
sub-P7	RMTG	45	204
sub-P7	RMTG	45	205
sub-P7	RMTG	45	206
sub-P7	RMTG	45	207
sub-P7	RMTG	45	209
sub-P7	RMTG	45	210
sub-P7	RMTG	45	211
sub-P7	RMTG	45	212
sub-P7	RMTG	45	214
sub-P7	RMTG	45	215
sub-P7	RMTG	45	216
sub-P7	RMTG	45	217
sub-P7	RMTG	45	219
sub-P7	RMTG	45	221
sub-P7	RMTG	45	223
sub-P7	RMTG	45	224
sub-P7	RMTG	45	225
sub-P7	RMTG	45	226
sub-P7	RMTG	45	228
sub-P7	RMTG	45	230
sub-P7	RMTG	45	231
sub-P7	RMTG	45	232
sub-P7	RMTG	45	236
sub-P7	RMTG	45	239
sub-P7	RMTG	45	240
sub-P7	RMTG	45	241
sub-P7	RMTG	45	244
sub-P7	RMTG	45	248
sub-P7	RMTG	45	250
sub-P7	RMTG	45	252
sub-P7	RMTG	45	253
sub-P7	RMTG	45	255
sub-P7	RMTG	45	256
sub-P7	RMTG	45	258
sub-P7	RMTG	45	259
sub-P7	RMTG	45	260
sub-P7	RMTG	45	263
sub-P7	RMTG	45	271
sub-P7	RMTG	45	273
sub-P7	RMTG	45	274
sub-P7	RMTG	45	275
sub-P7	RMTG	45	277
sub-P7	RMTG	45	280
sub-P7	RMTG	45	283
sub-P7	RMTG	45	284
sub-P7	RMTG	45	285
sub-P7	RMTG	45	286
sub-P7	RMTG	45	287
sub-P7	RMTG	45	288
sub-P7	RMTG	45	290
sub-P7	RMTG	45	291
sub-P7	RMTG	45	292
sub-P7	RMTG	45	295
sub-P7	RMTG	45	298
sub-P7	RMTG	45	299
sub-P7	RMTG	45	300
sub-P7	RMTG	45	301
sub-P7	RMTG	45	304
sub-P7	RMTG	45	305
sub-P7	RMTG	45	309
sub-P7	RMTG	45	315
sub-P7	RMTG	45	317
sub-P7	RMTG	45	319
sub-P7	RMTG	45	320
sub-P7	RMTG	45	322
sub-P7	RMTG	45	323
sub-P7	RMTG	45	324
sub-P7	RMTG	45	327
sub-P7	RMTG	45	328
sub-P7	RMTG	45	329
sub-P7	RMTG	45	331
sub-P7	RMTG	45	332
sub-P7	RMTG	45	334
sub-P7	RMTG	45	337
sub-P7	RMTG	45	338
sub-P7	RMTG	45	339
sub-P7	RMTG	45	341
sub-P7	RMTG	45	343
sub-P7	RMTG	45	346
sub-P7	RMTG	45	349
sub-P7	RMTG	45	353
sub-P7	RMTG	45	355
sub-P7	RMTG	45	357
sub-P7	RMTG	45	358
sub-P7	RMTG	45	359
sub-P7	RMTG	45	360
sub-P7	RMTG	45	361
sub-P7	RMTG	45	364
sub-P7	RMTG	45	366
sub-P7	RMTG	45	367
sub-P7	RMTG	45	368
sub-P7	RMTG	45	369
sub-P7	RMTG	45	370
sub-P7	RMTG	45	371
sub-P7	RMTG	45	373
sub-P7	RMTG	45	377
sub-P7	RMTG	45	379
sub-P7	RMTG	46	4
sub-P7	RMTG	46	6
sub-P7	RMTG	46	9
sub-P7	RMTG	46	10
sub-P7	RMTG	46	13
sub-P7	RMTG	46	17
sub-P7	RMTG	46	18
sub-P7	RMTG	46	21
sub-P7	RMTG	46	22
sub-P7	RMTG	46	23
sub-P7	RMTG	46	24
sub-P7	RMTG	46	25
sub-P7	RMTG	46	27
sub-P7	RMTG	46	29
sub-P7	RMTG	46	31
sub-P7	RMTG	46	32
sub-P7	RMTG	46	33
sub-P7	RMTG	46	34
sub-P7	RMTG	46	35
sub-P7	RMTG	46	36
sub-P7	RMTG	46	38
sub-P7	RMTG	46	41
sub-P7	RMTG	46	43
sub-P7	RMTG	46	44
sub-P7	RMTG	46	45
sub-P7	RMTG	46	46
sub-P7	RMTG	46	47
sub-P7	RMTG	46	48
sub-P7	RMTG	46	49
sub-P7	RMTG	46	51
sub-P7	RMTG	46	52
sub-P7	RMTG	46	53
sub-P7	RMTG	46	56
sub-P7	RMTG	46	57
sub-P7	RMTG	46	58
sub-P7	RMTG	46	60
sub-P7	RMTG	46	61
sub-P7	RMTG	46	62
sub-P7	RMTG	46	64
sub-P7	RMTG	46	65
sub-P7	RMTG	46	66
sub-P7	RMTG	46	68
sub-P7	RMTG	46	69
sub-P7	RMTG	46	70
sub-P7	RMTG	46	73
sub-P7	RMTG	46	74
sub-P7	RMTG	46	75
sub-P7	RMTG	46	78
sub-P7	RMTG	46	80
sub-P7	RMTG	46	81
sub-P7	RMTG	46	82
sub-P7	RMTG	46	83
sub-P7	RMTG	46	84
sub-P7	RMTG	46	85
sub-P7	RMTG	46	86
sub-P7	RMTG	46	87
sub-P7	RMTG	46	88
sub-P7	RMTG	46	90
sub-P7	RMTG	46	91
sub-P7	RMTG	46	93
sub-P7	RMTG	46	94
sub-P7	RMTG	46	96
sub-P7	RMTG	46	99
sub-P7	RMTG	46	100
sub-P7	RMTG	46	101
sub-P7	RMTG	46	102
sub-P7	RMTG	46	103
sub-P7	RMTG	46	105
sub-P7	RMTG	46	107
sub-P7	RMTG	46	110
sub-P7	RMTG	46	112
sub-P7	RMTG	46	113
sub-P7	RMTG	46	114
sub-P7	RMTG	46	117
sub-P7	RMTG	46	118
sub-P7	RMTG	46	120
sub-P7	RMTG	46	122
sub-P7	RMTG	46	125
sub-P7	RMTG	46	126
sub-P7	RMTG	46	127
sub-P7	RMTG	46	128
sub-P7	RMTG	46	129
sub-P7	RMTG	46	130
sub-P7	RMTG	46	131
sub-P7	RMTG	46	133
sub-P7	RMTG	46	134
sub-P7	RMTG	46	135
sub-P7	RMTG	46	137
sub-P7	RMTG	46	140
sub-P7	RMTG	46	141
sub-P7	RMTG	46	143
sub-P7	RMTG	46	144
sub-P7	RMTG	46	145
sub-P7	RMTG	46	147
sub-P7	RMTG	46	149
sub-P7	RMTG	46	150
sub-P7	RMTG	46	152
sub-P7	RMTG	46	154
sub-P7	RMTG	46	155
sub-P7	RMTG	46	156
sub-P7	RMTG	46	158
sub-P7	RMTG	46	159
sub-P7	RMTG	46	160
sub-P7	RMTG	46	161
sub-P7	RMTG	46	165
sub-P7	RMTG	46	166
sub-P7	RMTG	46	167
sub-P7	RMTG	46	169
sub-P7	RMTG	46	170
sub-P7	RMTG	46	172
sub-P7	RMTG	46	173
sub-P7	RMTG	46	174
sub-P7	RMTG	46	175
sub-P7	RMTG	46	176
sub-P7	RMTG	46	177
sub-P7	RMTG	46	178
sub-P7	RMTG	46	179
sub-P7	RMTG	46	182
sub-P7	RMTG	46	183
sub-P7	RMTG	46	185
sub-P7	RMTG	46	189
sub-P7	RMTG	46	190
sub-P7	RMTG	46	192
sub-P7	RMTG	46	193
sub-P7	RMTG	46	194
sub-P7	RMTG	46	195
sub-P7	RMTG	46	197
sub-P7	RMTG	46	198
sub-P7	RMTG	46	199
sub-P7	RMTG	46	201
sub-P7	RMTG	46	202
sub-P7	RMTG	46	203
sub-P7	RMTG	46	204
sub-P7	RMTG	46	205
sub-P7	RMTG	46	206
sub-P7	RMTG	46	207
sub-P7	RMTG	46	209
sub-P7	RMTG	46	210
sub-P7	RMTG	46	211
sub-P7	RMTG	46	214
sub-P7	RMTG	46	215
sub-P7	RMTG	46	217
sub-P7	RMTG	46	219
sub-P7	RMTG	46	221
sub-P7	RMTG	46	223
sub-P7	RMTG	46	224
sub-P7	RMTG	46	225
sub-P7	RMTG	46	226
sub-P7	RMTG	46	228
sub-P7	RMTG	46	230
sub-P7	RMTG	46	231
sub-P7	RMTG	46	232
sub-P7	RMTG	46	236
sub-P7	RMTG	46	240
sub-P7	RMTG	46	241
sub-P7	RMTG	46	244
sub-P7	RMTG	46	248
sub-P7	RMTG	46	250
sub-P7	RMTG	46	252
sub-P7	RMTG	46	253
sub-P7	RMTG	46	255
sub-P7	RMTG	46	258
sub-P7	RMTG	46	260
sub-P7	RMTG	46	263
sub-P7	RMTG	46	271
sub-P7	RMTG	46	273
sub-P7	RMTG	46	274
sub-P7	RMTG	46	275
sub-P7	RMTG	46	277
sub-P7	RMTG	46	280
sub-P7	RMTG	46	283
sub-P7	RMTG	46	284
sub-P7	RMTG	46	285
sub-P7	RMTG	46	286
sub-P7	RMTG	46	288
sub-P7	RMTG	46	291
sub-P7	RMTG	46	292
sub-P7	RMTG	46	295
sub-P7	RMTG	46	296
sub-P7	RMTG	46	298
sub-P7	RMTG	46	299
sub-P7	RMTG	46	300
sub-P7	RMTG	46	301
sub-P7	RMTG	46	304
sub-P7	RMTG	46	305
sub-P7	RMTG	46	309
sub-P7	RMTG	46	317
sub-P7	RMTG	46	319
sub-P7	RMTG	46	320
sub-P7	RMTG	46	322
sub-P7	RMTG	46	323
sub-P7	RMTG	46	324
sub-P7	RMTG	46	327
sub-P7	RMTG	46	328
sub-P7	RMTG	46	329
sub-P7	RMTG	46	331
sub-P7	RMTG	46	332
sub-P7	RMTG	46	334
sub-P7	RMTG	46	337
sub-P7	RMTG	46	338
sub-P7	RMTG	46	343
sub-P7	RMTG	46	346
sub-P7	RMTG	46	349
sub-P7	RMTG	46	353
sub-P7	RMTG	46	355
sub-P7	RMTG	46	357
sub-P7	RMTG	46	358
sub-P7	RMTG	46	359
sub-P7	RMTG	46	360
sub-P7	RMTG	46	361
sub-P7	RMTG	46	364
sub-P7	RMTG	46	366
sub-P7	RMTG	46	367
sub-P7	RMTG	46	369
sub-P7	RMTG	46	371
sub-P7	RMTG	46	373
sub-P7	RMTG	46	377
sub-P7	RMTG	61	4
sub-P7	RMTG	61	6
sub-P7	RMTG	61	9
sub-P7	RMTG	61	10
sub-P7	RMTG	61	13
sub-P7	RMTG	61	17
sub-P7	RMTG	61	18
sub-P7	RMTG	61	21
sub-P7	RMTG	61	22
sub-P7	RMTG	61	23
sub-P7	RMTG	61	24
sub-P7	RMTG	61	25
sub-P7	RMTG	61	27
sub-P7	RMTG	61	29
sub-P7	RMTG	61	31
sub-P7	RMTG	61	32
sub-P7	RMTG	61	33
sub-P7	RMTG	61	34
sub-P7	RMTG	61	35
sub-P7	RMTG	61	36
sub-P7	RMTG	61	38
sub-P7	RMTG	61	41
sub-P7	RMTG	61	43
sub-P7	RMTG	61	44
sub-P7	RMTG	61	45
sub-P7	RMTG	61	46
sub-P7	RMTG	61	47
sub-P7	RMTG	61	48
sub-P7	RMTG	61	49
sub-P7	RMTG	61	51
sub-P7	RMTG	61	52
sub-P7	RMTG	61	53
sub-P7	RMTG	61	56
sub-P7	RMTG	61	57
sub-P7	RMTG	61	58
sub-P7	RMTG	61	60
sub-P7	RMTG	61	61
sub-P7	RMTG	61	62
sub-P7	RMTG	61	64
sub-P7	RMTG	61	65
sub-P7	RMTG	61	66
sub-P7	RMTG	61	68
sub-P7	RMTG	61	69
sub-P7	RMTG	61	70
sub-P7	RMTG	61	73
sub-P7	RMTG	61	74
sub-P7	RMTG	61	75
sub-P7	RMTG	61	77
sub-P7	RMTG	61	78
sub-P7	RMTG	61	80
sub-P7	RMTG	61	81
sub-P7	RMTG	61	82
sub-P7	RMTG	61	83
sub-P7	RMTG	61	84
sub-P7	RMTG	61	85
sub-P7	RMTG	61	86
sub-P7	RMTG	61	87
sub-P7	RMTG	61	88
sub-P7	RMTG	61	91
sub-P7	RMTG	61	93
sub-P7	RMTG	61	94
sub-P7	RMTG	61	96
sub-P7	RMTG	61	99
sub-P7	RMTG	61	101
sub-P7	RMTG	61	102
sub-P7	RMTG	61	103
sub-P7	RMTG	61	104
sub-P7	RMTG	61	105
sub-P7	RMTG	61	110
sub-P7	RMTG	61	112
sub-P7	RMTG	61	113
sub-P7	RMTG	61	114
sub-P7	RMTG	61	117
sub-P7	RMTG	61	118
sub-P7	RMTG	61	120
sub-P7	RMTG	61	125
sub-P7	RMTG	61	126
sub-P7	RMTG	61	127
sub-P7	RMTG	61	129
sub-P7	RMTG	61	130
sub-P7	RMTG	61	131
sub-P7	RMTG	61	132
sub-P7	RMTG	61	133
sub-P7	RMTG	61	134
sub-P7	RMTG	61	137
sub-P7	RMTG	61	140
sub-P7	RMTG	61	141
sub-P7	RMTG	61	143
sub-P7	RMTG	61	144
sub-P7	RMTG	61	145
sub-P7	RMTG	61	147
sub-P7	RMTG	61	149
sub-P7	RMTG	61	150
sub-P7	RMTG	61	152
sub-P7	RMTG	61	154
sub-P7	RMTG	61	155
sub-P7	RMTG	61	156
sub-P7	RMTG	61	158
sub-P7	RMTG	61	159
sub-P7	RMTG	61	160
sub-P7	RMTG	61	161
sub-P7	RMTG	61	165
sub-P7	RMTG	61	167
sub-P7	RMTG	61	169
sub-P7	RMTG	61	170
sub-P7	RMTG	61	172
sub-P7	RMTG	61	173
sub-P7	RMTG	61	174
sub-P7	RMTG	61	175
sub-P7	RMTG	61	176
sub-P7	RMTG	61	177
sub-P7	RMTG	61	182
sub-P7	RMTG	61	183
sub-P7	RMTG	61	189
sub-P7	RMTG	61	191
sub-P7	RMTG	61	192
sub-P7	RMTG	61	193
sub-P7	RMTG	61	194
sub-P7	RMTG	61	195
sub-P7	RMTG	61	197
sub-P7	RMTG	61	198
sub-P7	RMTG	61	199
sub-P7	RMTG	61	201
sub-P7	RMTG	61	203
sub-P7	RMTG	61	204
sub-P7	RMTG	61	205
sub-P7	RMTG	61	207
sub-P7	RMTG	61	210
sub-P7	RMTG	61	211
sub-P7	RMTG	61	212
sub-P7	RMTG	61	214
sub-P7	RMTG	61	217
sub-P7	RMTG	61	219
sub-P7	RMTG	61	221
sub-P7	RMTG	61	223
sub-P7	RMTG	61	224
sub-P7	RMTG	61	225
sub-P7	RMTG	61	226
sub-P7	RMTG	61	228
sub-P7	RMTG	61	230
sub-P7	RMTG	61	231
sub-P7	RMTG	61	232
sub-P7	RMTG	61	236
sub-P7	RMTG	61	240
sub-P7	RMTG	61	244
sub-P7	RMTG	61	248
sub-P7	RMTG	61	250
sub-P7	RMTG	61	252
sub-P7	RMTG	61	253
sub-P7	RMTG	61	255
sub-P7	RMTG	61	258
sub-P7	RMTG	61	260
sub-P7	RMTG	61	263
sub-P7	RMTG	61	271
sub-P7	RMTG	61	273
sub-P7	RMTG	61	275
sub-P7	RMTG	61	277
sub-P7	RMTG	61	280
sub-P7	RMTG	61	283
sub-P7	RMTG	61	284
sub-P7	RMTG	61	285
sub-P7	RMTG	61	286
sub-P7	RMTG	61	288
sub-P7	RMTG	61	290
sub-P7	RMTG	61	291
sub-P7	RMTG	61	295
sub-P7	RMTG	61	299
sub-P7	RMTG	61	300
sub-P7	RMTG	61	301
sub-P7	RMTG	61	304
sub-P7	RMTG	61	305
sub-P7	RMTG	61	306
sub-P7	RMTG	61	309
sub-P7	RMTG	61	315
sub-P7	RMTG	61	317
sub-P7	RMTG	61	319
sub-P7	RMTG	61	320
sub-P7	RMTG	61	322
sub-P7	RMTG	61	323
sub-P7	RMTG	61	324
sub-P7	RMTG	61	327
sub-P7	RMTG	61	328
sub-P7	RMTG	61	329
sub-P7	RMTG	61	331
sub-P7	RMTG	61	332
sub-P7	RMTG	61	334
sub-P7	RMTG	61	337
sub-P7	RMTG	61	338
sub-P7	RMTG	61	339
sub-P7	RMTG	61	343
sub-P7	RMTG	61	346
sub-P7	RMTG	61	349
sub-P7	RMTG	61	353
sub-P7	RMTG	61	355
sub-P7	RMTG	61	359
sub-P7	RMTG	61	360
sub-P7	RMTG	61	361
sub-P7	RMTG	61	364
sub-P7	RMTG	61	366
sub-P7	RMTG	61	367
sub-P7	RMTG	61	368
sub-P7	RMTG	61	369
sub-P7	RMTG	61	370
sub-P7	RMTG	61	371
sub-P7	RMTG	61	373
sub-P7	RMTG	61	377
sub-P7	RMTG	62	4
sub-P7	RMTG	62	6
sub-P7	RMTG	62	9
sub-P7	RMTG	62	10
sub-P7	RMTG	62	13
sub-P7	RMTG	62	17
sub-P7	RMTG	62	18
sub-P7	RMTG	62	21
sub-P7	RMTG	62	22
sub-P7	RMTG	62	23
sub-P7	RMTG	62	24
sub-P7	RMTG	62	25
sub-P7	RMTG	62	27
sub-P7	RMTG	62	29
sub-P7	RMTG	62	31
sub-P7	RMTG	62	32
sub-P7	RMTG	62	33
sub-P7	RMTG	62	34
sub-P7	RMTG	62	35
sub-P7	RMTG	62	36
sub-P7	RMTG	62	38
sub-P7	RMTG	62	41
sub-P7	RMTG	62	43
sub-P7	RMTG	62	44
sub-P7	RMTG	62	45
sub-P7	RMTG	62	46
sub-P7	RMTG	62	47
sub-P7	RMTG	62	48
sub-P7	RMTG	62	49
sub-P7	RMTG	62	51
sub-P7	RMTG	62	52
sub-P7	RMTG	62	53
sub-P7	RMTG	62	56
sub-P7	RMTG	62	57
sub-P7	RMTG	62	58
sub-P7	RMTG	62	60
sub-P7	RMTG	62	61
sub-P7	RMTG	62	62
sub-P7	RMTG	62	64
sub-P7	RMTG	62	65
sub-P7	RMTG	62	66
sub-P7	RMTG	62	68
sub-P7	RMTG	62	69
sub-P7	RMTG	62	70
sub-P7	RMTG	62	73
sub-P7	RMTG	62	74
sub-P7	RMTG	62	75
sub-P7	RMTG	62	77
sub-P7	RMTG	62	78
sub-P7	RMTG	62	80
sub-P7	RMTG	62	81
sub-P7	RMTG	62	82
sub-P7	RMTG	62	83
sub-P7	RMTG	62	84
sub-P7	RMTG	62	85
sub-P7	RMTG	62	87
sub-P7	RMTG	62	88
sub-P7	RMTG	62	91
sub-P7	RMTG	62	93
sub-P7	RMTG	62	94
sub-P7	RMTG	62	96
sub-P7	RMTG	62	99
sub-P7	RMTG	62	100
sub-P7	RMTG	62	101
sub-P7	RMTG	62	102
sub-P7	RMTG	62	103
sub-P7	RMTG	62	104
sub-P7	RMTG	62	105
sub-P7	RMTG	62	107
sub-P7	RMTG	62	110
sub-P7	RMTG	62	112
sub-P7	RMTG	62	113
sub-P7	RMTG	62	114
sub-P7	RMTG	62	117
sub-P7	RMTG	62	118
sub-P7	RMTG	62	120
sub-P7	RMTG	62	122
sub-P7	RMTG	62	125
sub-P7	RMTG	62	126
sub-P7	RMTG	62	127
sub-P7	RMTG	62	129
sub-P7	RMTG	62	130
sub-P7	RMTG	62	131
sub-P7	RMTG	62	132
sub-P7	RMTG	62	133
sub-P7	RMTG	62	134
sub-P7	RMTG	62	135
sub-P7	RMTG	62	137
sub-P7	RMTG	62	140
sub-P7	RMTG	62	141
sub-P7	RMTG	62	143
sub-P7	RMTG	62	144
sub-P7	RMTG	62	145
sub-P7	RMTG	62	147
sub-P7	RMTG	62	149
sub-P7	RMTG	62	150
sub-P7	RMTG	62	152
sub-P7	RMTG	62	154
sub-P7	RMTG	62	155
sub-P7	RMTG	62	156
sub-P7	RMTG	62	158
sub-P7	RMTG	62	160
sub-P7	RMTG	62	161
sub-P7	RMTG	62	165
sub-P7	RMTG	62	166
sub-P7	RMTG	62	167
sub-P7	RMTG	62	169
sub-P7	RMTG	62	170
sub-P7	RMTG	62	172
sub-P7	RMTG	62	173
sub-P7	RMTG	62	174
sub-P7	RMTG	62	175
sub-P7	RMTG	62	176
sub-P7	RMTG	62	177
sub-P7	RMTG	62	181
sub-P7	RMTG	62	182
sub-P7	RMTG	62	183
sub-P7	RMTG	62	185
sub-P7	RMTG	62	189
sub-P7	RMTG	62	191
sub-P7	RMTG	62	192
sub-P7	RMTG	62	193
sub-P7	RMTG	62	194
sub-P7	RMTG	62	195
sub-P7	RMTG	62	197
sub-P7	RMTG	62	198
sub-P7	RMTG	62	199
sub-P7	RMTG	62	201
sub-P7	RMTG	62	202
sub-P7	RMTG	62	203
sub-P7	RMTG	62	204
sub-P7	RMTG	62	205
sub-P7	RMTG	62	206
sub-P7	RMTG	62	207
sub-P7	RMTG	62	209
sub-P7	RMTG	62	210
sub-P7	RMTG	62	211
sub-P7	RMTG	62	212
sub-P7	RMTG	62	214
sub-P7	RMTG	62	215
sub-P7	RMTG	62	216
sub-P7	RMTG	62	217
sub-P7	RMTG	62	219
sub-P7	RMTG	62	220
sub-P7	RMTG	62	221
sub-P7	RMTG	62	223
sub-P7	RMTG	62	224
sub-P7	RMTG	62	225
sub-P7	RMTG	62	226
sub-P7	RMTG	62	228
sub-P7	RMTG	62	230
sub-P7	RMTG	62	231
sub-P7	RMTG	62	232
sub-P7	RMTG	62	236
sub-P7	RMTG	62	240
sub-P7	RMTG	62	241
sub-P7	RMTG	62	244
sub-P7	RMTG	62	248
sub-P7	RMTG	62	250
sub-P7	RMTG	62	252
sub-P7	RMTG	62	253
sub-P7	RMTG	62	255
sub-P7	RMTG	62	256
sub-P7	RMTG	62	258
sub-P7	RMTG	62	259
sub-P7	RMTG	62	260
sub-P7	RMTG	62	263
sub-P7	RMTG	62	271
sub-P7	RMTG	62	273
sub-P7	RMTG	62	274
sub-P7	RMTG	62	277
sub-P7	RMTG	62	280
sub-P7	RMTG	62	283
sub-P7	RMTG	62	284
sub-P7	RMTG	62	285
sub-P7	RMTG	62	286
sub-P7	RMTG	62	287
sub-P7	RMTG	62	288
sub-P7	RMTG	62	290
sub-P7	RMTG	62	291
sub-P7	RMTG	62	292
sub-P7	RMTG	62	295
sub-P7	RMTG	62	296
sub-P7	RMTG	62	298
sub-P7	RMTG	62	299
sub-P7	RMTG	62	300
sub-P7	RMTG	62	301
sub-P7	RMTG	62	304
sub-P7	RMTG	62	306
sub-P7	RMTG	62	309
sub-P7	RMTG	62	315
sub-P7	RMTG	62	317
sub-P7	RMTG	62	319
sub-P7	RMTG	62	320
sub-P7	RMTG	62	322
sub-P7	RMTG	62	323
sub-P7	RMTG	62	324
sub-P7	RMTG	62	327
sub-P7	RMTG	62	328
sub-P7	RMTG	62	329
sub-P7	RMTG	62	331
sub-P7	RMTG	62	332
sub-P7	RMTG	62	334
sub-P7	RMTG	62	335
sub-P7	RMTG	62	337
sub-P7	RMTG	62	338
sub-P7	RMTG	62	339
sub-P7	RMTG	62	343
sub-P7	RMTG	62	346
sub-P7	RMTG	62	349
sub-P7	RMTG	62	350
sub-P7	RMTG	62	353
sub-P7	RMTG	62	355
sub-P7	RMTG	62	358
sub-P7	RMTG	62	360
sub-P7	RMTG	62	361
sub-P7	RMTG	62	364
sub-P7	RMTG	62	366
sub-P7	RMTG	62	367
sub-P7	RMTG	62	369
sub-P7	RMTG	62	370
sub-P7	RMTG	62	371
sub-P7	RMTG	62	373
sub-P7	RMTG	62	377
sub-P7	RMTG	63	4
sub-P7	RMTG	63	6
sub-P7	RMTG	63	9
sub-P7	RMTG	63	10
sub-P7	RMTG	63	13
sub-P7	RMTG	63	17
sub-P7	RMTG	63	18
sub-P7	RMTG	63	21
sub-P7	RMTG	63	22
sub-P7	RMTG	63	23
sub-P7	RMTG	63	24
sub-P7	RMTG	63	25
sub-P7	RMTG	63	27
sub-P7	RMTG	63	29
sub-P7	RMTG	63	31
sub-P7	RMTG	63	32
sub-P7	RMTG	63	33
sub-P7	RMTG	63	34
sub-P7	RMTG	63	35
sub-P7	RMTG	63	36
sub-P7	RMTG	63	38
sub-P7	RMTG	63	41
sub-P7	RMTG	63	43
sub-P7	RMTG	63	44
sub-P7	RMTG	63	45
sub-P7	RMTG	63	46
sub-P7	RMTG	63	47
sub-P7	RMTG	63	48
sub-P7	RMTG	63	49
sub-P7	RMTG	63	51
sub-P7	RMTG	63	52
sub-P7	RMTG	63	53
sub-P7	RMTG	63	56
sub-P7	RMTG	63	57
sub-P7	RMTG	63	58
sub-P7	RMTG	63	60
sub-P7	RMTG	63	61
sub-P7	RMTG	63	62
sub-P7	RMTG	63	64
sub-P7	RMTG	63	65
sub-P7	RMTG	63	66
sub-P7	RMTG	63	68
sub-P7	RMTG	63	70
sub-P7	RMTG	63	73
sub-P7	RMTG	63	74
sub-P7	RMTG	63	75
sub-P7	RMTG	63	77
sub-P7	RMTG	63	78
sub-P7	RMTG	63	80
sub-P7	RMTG	63	81
sub-P7	RMTG	63	82
sub-P7	RMTG	63	83
sub-P7	RMTG	63	84
sub-P7	RMTG	63	85
sub-P7	RMTG	63	87
sub-P7	RMTG	63	88
sub-P7	RMTG	63	90
sub-P7	RMTG	63	91
sub-P7	RMTG	63	93
sub-P7	RMTG	63	94
sub-P7	RMTG	63	96
sub-P7	RMTG	63	99
sub-P7	RMTG	63	100
sub-P7	RMTG	63	101
sub-P7	RMTG	63	102
sub-P7	RMTG	63	103
sub-P7	RMTG	63	104
sub-P7	RMTG	63	105
sub-P7	RMTG	63	107
sub-P7	RMTG	63	110
sub-P7	RMTG	63	112
sub-P7	RMTG	63	113
sub-P7	RMTG	63	114
sub-P7	RMTG	63	117
sub-P7	RMTG	63	118
sub-P7	RMTG	63	120
sub-P7	RMTG	63	122
sub-P7	RMTG	63	125
sub-P7	RMTG	63	126
sub-P7	RMTG	63	129
sub-P7	RMTG	63	130
sub-P7	RMTG	63	131
sub-P7	RMTG	63	133
sub-P7	RMTG	63	137
sub-P7	RMTG	63	140
sub-P7	RMTG	63	141
sub-P7	RMTG	63	143
sub-P7	RMTG	63	144
sub-P7	RMTG	63	147
sub-P7	RMTG	63	150
sub-P7	RMTG	63	152
sub-P7	RMTG	63	154
sub-P7	RMTG	63	155
sub-P7	RMTG	63	158
sub-P7	RMTG	63	159
sub-P7	RMTG	63	160
sub-P7	RMTG	63	161
sub-P7	RMTG	63	165
sub-P7	RMTG	63	166
sub-P7	RMTG	63	167
sub-P7	RMTG	63	169
sub-P7	RMTG	63	170
sub-P7	RMTG	63	172
sub-P7	RMTG	63	173
sub-P7	RMTG	63	174
sub-P7	RMTG	63	175
sub-P7	RMTG	63	176
sub-P7	RMTG	63	177
sub-P7	RMTG	63	181
sub-P7	RMTG	63	183
sub-P7	RMTG	63	185
sub-P7	RMTG	63	189
sub-P7	RMTG	63	190
sub-P7	RMTG	63	191
sub-P7	RMTG	63	192
sub-P7	RMTG	63	193
sub-P7	RMTG	63	194
sub-P7	RMTG	63	195
sub-P7	RMTG	63	197
sub-P7	RMTG	63	198
sub-P7	RMTG	63	199
sub-P7	RMTG	63	201
sub-P7	RMTG	63	202
sub-P7	RMTG	63	203
sub-P7	RMTG	63	204
sub-P7	RMTG	63	205
sub-P7	RMTG	63	206
sub-P7	RMTG	63	207
sub-P7	RMTG	63	210
sub-P7	RMTG	63	211
sub-P7	RMTG	63	217
sub-P7	RMTG	63	219
sub-P7	RMTG	63	221
sub-P7	RMTG	63	223
sub-P7	RMTG	63	224
sub-P7	RMTG	63	225
sub-P7	RMTG	63	226
sub-P7	RMTG	63	231
sub-P7	RMTG	63	232
sub-P7	RMTG	63	236
sub-P7	RMTG	63	240
sub-P7	RMTG	63	244
sub-P7	RMTG	63	248
sub-P7	RMTG	63	250
sub-P7	RMTG	63	252
sub-P7	RMTG	63	253
sub-P7	RMTG	63	255
sub-P7	RMTG	63	258
sub-P7	RMTG	63	260
sub-P7	RMTG	63	263
sub-P7	RMTG	63	271
sub-P7	RMTG	63	273
sub-P7	RMTG	63	274
sub-P7	RMTG	63	277
sub-P7	RMTG	63	280
sub-P7	RMTG	63	283
sub-P7	RMTG	63	284
sub-P7	RMTG	63	285
sub-P7	RMTG	63	286
sub-P7	RMTG	63	288
sub-P7	RMTG	63	291
sub-P7	RMTG	63	292
sub-P7	RMTG	63	295
sub-P7	RMTG	63	299
sub-P7	RMTG	63	301
sub-P7	RMTG	63	304
sub-P7	RMTG	63	306
sub-P7	RMTG	63	309
sub-P7	RMTG	63	315
sub-P7	RMTG	63	317
sub-P7	RMTG	63	319
sub-P7	RMTG	63	320
sub-P7	RMTG	63	322
sub-P7	RMTG	63	323
sub-P7	RMTG	63	324
sub-P7	RMTG	63	327
sub-P7	RMTG	63	328
sub-P7	RMTG	63	329
sub-P7	RMTG	63	331
sub-P7	RMTG	63	332
sub-P7	RMTG	63	334
sub-P7	RMTG	63	335
sub-P7	RMTG	63	337
sub-P7	RMTG	63	338
sub-P7	RMTG	63	339
sub-P7	RMTG	63	341
sub-P7	RMTG	63	343
sub-P7	RMTG	63	346
sub-P7	RMTG	63	349
sub-P7	RMTG	63	353
sub-P7	RMTG	63	360
sub-P7	RMTG	63	361
sub-P7	RMTG	63	364
sub-P7	RMTG	63	366
sub-P7	RMTG	63	367
sub-P7	RMTG	63	370
sub-P7	RMTG	63	371
sub-P7	RMTG	63	373
sub-P7	RMTG	63	377
sub-P7	RMTG	64	4
sub-P7	RMTG	64	6
sub-P7	RMTG	64	9
sub-P7	RMTG	64	10
sub-P7	RMTG	64	13
sub-P7	RMTG	64	17
sub-P7	RMTG	64	18
sub-P7	RMTG	64	21
sub-P7	RMTG	64	22
sub-P7	RMTG	64	23
sub-P7	RMTG	64	24
sub-P7	RMTG	64	25
sub-P7	RMTG	64	27
sub-P7	RMTG	64	29
sub-P7	RMTG	64	31
sub-P7	RMTG	64	32
sub-P7	RMTG	64	33
sub-P7	RMTG	64	34
sub-P7	RMTG	64	35
sub-P7	RMTG	64	36
sub-P7	RMTG	64	38
sub-P7	RMTG	64	41
sub-P7	RMTG	64	43
sub-P7	RMTG	64	44
sub-P7	RMTG	64	45
sub-P7	RMTG	64	46
sub-P7	RMTG	64	47
sub-P7	RMTG	64	48
sub-P7	RMTG	64	49
sub-P7	RMTG	64	51
sub-P7	RMTG	64	52
sub-P7	RMTG	64	53
sub-P7	RMTG	64	56
sub-P7	RMTG	64	57
sub-P7	RMTG	64	58
sub-P7	RMTG	64	60
sub-P7	RMTG	64	61
sub-P7	RMTG	64	62
sub-P7	RMTG	64	64
sub-P7	RMTG	64	65
sub-P7	RMTG	64	66
sub-P7	RMTG	64	68
sub-P7	RMTG	64	69
sub-P7	RMTG	64	70
sub-P7	RMTG	64	73
sub-P7	RMTG	64	74
sub-P7	RMTG	64	75
sub-P7	RMTG	64	77
sub-P7	RMTG	64	78
sub-P7	RMTG	64	80
sub-P7	RMTG	64	81
sub-P7	RMTG	64	82
sub-P7	RMTG	64	83
sub-P7	RMTG	64	84
sub-P7	RMTG	64	85
sub-P7	RMTG	64	86
sub-P7	RMTG	64	87
sub-P7	RMTG	64	88
sub-P7	RMTG	64	90
sub-P7	RMTG	64	91
sub-P7	RMTG	64	93
sub-P7	RMTG	64	94
sub-P7	RMTG	64	96
sub-P7	RMTG	64	99
sub-P7	RMTG	64	100
sub-P7	RMTG	64	101
sub-P7	RMTG	64	102
sub-P7	RMTG	64	103
sub-P7	RMTG	64	104
sub-P7	RMTG	64	105
sub-P7	RMTG	64	107
sub-P7	RMTG	64	110
sub-P7	RMTG	64	112
sub-P7	RMTG	64	113
sub-P7	RMTG	64	114
sub-P7	RMTG	64	117
sub-P7	RMTG	64	118
sub-P7	RMTG	64	120
sub-P7	RMTG	64	122
sub-P7	RMTG	64	125
sub-P7	RMTG	64	126
sub-P7	RMTG	64	127
sub-P7	RMTG	64	128
sub-P7	RMTG	64	129
sub-P7	RMTG	64	130
sub-P7	RMTG	64	131
sub-P7	RMTG	64	132
sub-P7	RMTG	64	133
sub-P7	RMTG	64	134
sub-P7	RMTG	64	135
sub-P7	RMTG	64	137
sub-P7	RMTG	64	140
sub-P7	RMTG	64	141
sub-P7	RMTG	64	143
sub-P7	RMTG	64	144
sub-P7	RMTG	64	145
sub-P7	RMTG	64	147
sub-P7	RMTG	64	149
sub-P7	RMTG	64	150
sub-P7	RMTG	64	152
sub-P7	RMTG	64	154
sub-P7	RMTG	64	155
sub-P7	RMTG	64	156
sub-P7	RMTG	64	158
sub-P7	RMTG	64	159
sub-P7	RMTG	64	160
sub-P7	RMTG	64	161
sub-P7	RMTG	64	165
sub-P7	RMTG	64	166
sub-P7	RMTG	64	167
sub-P7	RMTG	64	169
sub-P7	RMTG	64	170
sub-P7	RMTG	64	171
sub-P7	RMTG	64	172
sub-P7	RMTG	64	173
sub-P7	RMTG	64	174
sub-P7	RMTG	64	175
sub-P7	RMTG	64	176
sub-P7	RMTG	64	177
sub-P7	RMTG	64	178
sub-P7	RMTG	64	179
sub-P7	RMTG	64	182
sub-P7	RMTG	64	183
sub-P7	RMTG	64	185
sub-P7	RMTG	64	189
sub-P7	RMTG	64	190
sub-P7	RMTG	64	191
sub-P7	RMTG	64	192
sub-P7	RMTG	64	193
sub-P7	RMTG	64	194
sub-P7	RMTG	64	195
sub-P7	RMTG	64	197
sub-P7	RMTG	64	198
sub-P7	RMTG	64	199
sub-P7	RMTG	64	201
sub-P7	RMTG	64	202
sub-P7	RMTG	64	203
sub-P7	RMTG	64	204
sub-P7	RMTG	64	205
sub-P7	RMTG	64	206
sub-P7	RMTG	64	207
sub-P7	RMTG	64	209
sub-P7	RMTG	64	210
sub-P7	RMTG	64	211
sub-P7	RMTG	64	212
sub-P7	RMTG	64	214
sub-P7	RMTG	64	215
sub-P7	RMTG	64	216
sub-P7	RMTG	64	217
sub-P7	RMTG	64	219
sub-P7	RMTG	64	220
sub-P7	RMTG	64	221
sub-P7	RMTG	64	223
sub-P7	RMTG	64	224
sub-P7	RMTG	64	225
sub-P7	RMTG	64	226
sub-P7	RMTG	64	230
sub-P7	RMTG	64	231
sub-P7	RMTG	64	232
sub-P7	RMTG	64	236
sub-P7	RMTG	64	239
sub-P7	RMTG	64	240
sub-P7	RMTG	64	241
sub-P7	RMTG	64	244
sub-P7	RMTG	64	248
sub-P7	RMTG	64	250
sub-P7	RMTG	64	252
sub-P7	RMTG	64	253
sub-P7	RMTG	64	255
sub-P7	RMTG	64	256
sub-P7	RMTG	64	258
sub-P7	RMTG	64	260
sub-P7	RMTG	64	271
sub-P7	RMTG	64	273
sub-P7	RMTG	64	274
sub-P7	RMTG	64	275
sub-P7	RMTG	64	277
sub-P7	RMTG	64	280
sub-P7	RMTG	64	283
sub-P7	RMTG	64	284
sub-P7	RMTG	64	285
sub-P7	RMTG	64	286
sub-P7	RMTG	64	288
sub-P7	RMTG	64	290
sub-P7	RMTG	64	291
sub-P7	RMTG	64	292
sub-P7	RMTG	64	295
sub-P7	RMTG	64	296
sub-P7	RMTG	64	299
sub-P7	RMTG	64	300
sub-P7	RMTG	64	301
sub-P7	RMTG	64	304
sub-P7	RMTG	64	305
sub-P7	RMTG	64	306
sub-P7	RMTG	64	309
sub-P7	RMTG	64	315
sub-P7	RMTG	64	317
sub-P7	RMTG	64	319
sub-P7	RMTG	64	320
sub-P7	RMTG	64	322
sub-P7	RMTG	64	323
sub-P7	RMTG	64	324
sub-P7	RMTG	64	327
sub-P7	RMTG	64	328
sub-P7	RMTG	64	329
sub-P7	RMTG	64	331
sub-P7	RMTG	64	332
sub-P7	RMTG	64	334
sub-P7	RMTG	64	335
sub-P7	RMTG	64	337
sub-P7	RMTG	64	338
sub-P7	RMTG	64	339
sub-P7	RMTG	64	341
sub-P7	RMTG	64	343
sub-P7	RMTG	64	346
sub-P7	RMTG	64	349
sub-P7	RMTG	64	350
sub-P7	RMTG	64	353
sub-P7	RMTG	64	355
sub-P7	RMTG	64	358
sub-P7	RMTG	64	359
sub-P7	RMTG	64	360
sub-P7	RMTG	64	361
sub-P7	RMTG	64	364
sub-P7	RMTG	64	366
sub-P7	RMTG	64	367
sub-P7	RMTG	64	368
sub-P7	RMTG	64	369
sub-P7	RMTG	64	370
sub-P7	RMTG	64	371
sub-P7	RMTG	64	373
sub-P7	RMTG	64	377
sub-P7	RMTG	65	4
sub-P7	RMTG	65	9
sub-P7	RMTG	65	10
sub-P7	RMTG	65	13
sub-P7	RMTG	65	17
sub-P7	RMTG	65	18
sub-P7	RMTG	65	31
sub-P7	RMTG	65	53
sub-P7	RMTG	65	56
sub-P7	RMTG	65	57
sub-P7	RMTG	65	60
sub-P7	RMTG	65	61
sub-P7	RMTG	65	62
sub-P7	RMTG	65	64
sub-P7	RMTG	65	65
sub-P7	RMTG	65	66
sub-P7	RMTG	65	68
sub-P7	RMTG	65	69
sub-P7	RMTG	65	70
sub-P7	RMTG	65	77
sub-P7	RMTG	65	78
sub-P7	RMTG	65	80
sub-P7	RMTG	65	81
sub-P7	RMTG	65	82
sub-P7	RMTG	65	83
sub-P7	RMTG	65	85
sub-P7	RMTG	65	86
sub-P7	RMTG	65	87
sub-P7	RMTG	65	88
sub-P7	RMTG	65	90
sub-P7	RMTG	65	91
sub-P7	RMTG	65	93
sub-P7	RMTG	65	94
sub-P7	RMTG	65	96
sub-P7	RMTG	65	101
sub-P7	RMTG	65	102
sub-P7	RMTG	65	103
sub-P7	RMTG	65	104
sub-P7	RMTG	65	118
sub-P7	RMTG	65	120
sub-P7	RMTG	65	125
sub-P7	RMTG	65	126
sub-P7	RMTG	65	127
sub-P7	RMTG	65	128
sub-P7	RMTG	65	129
sub-P7	RMTG	65	130
sub-P7	RMTG	65	131
sub-P7	RMTG	65	132
sub-P7	RMTG	65	133
sub-P7	RMTG	65	134
sub-P7	RMTG	65	135
sub-P7	RMTG	65	141
sub-P7	RMTG	65	143
sub-P7	RMTG	65	144
sub-P7	RMTG	65	145
sub-P7	RMTG	65	147
sub-P7	RMTG	65	149
sub-P7	RMTG	65	150
sub-P7	RMTG	65	154
sub-P7	RMTG	65	166
sub-P7	RMTG	65	167
sub-P7	RMTG	65	170
sub-P7	RMTG	65	174
sub-P7	RMTG	65	175
sub-P7	RMTG	65	176
sub-P7	RMTG	65	177
sub-P7	RMTG	65	178
sub-P7	RMTG	65	179
sub-P7	RMTG	65	185
sub-P7	RMTG	65	189
sub-P7	RMTG	65	190
sub-P7	RMTG	65	191
sub-P7	RMTG	65	193
sub-P7	RMTG	65	194
sub-P7	RMTG	65	195
sub-P7	RMTG	65	197
sub-P7	RMTG	65	198
sub-P7	RMTG	65	201
sub-P7	RMTG	65	203
sub-P7	RMTG	65	204
sub-P7	RMTG	65	206
sub-P7	RMTG	65	207
sub-P7	RMTG	65	209
sub-P7	RMTG	65	210
sub-P7	RMTG	65	236
sub-P7	RMTG	65	263
sub-P7	RMTG	65	271
sub-P7	RMTG	65	283
sub-P7	RMTG	65	295
sub-P7	RMTG	65	298
sub-P7	RMTG	65	304
sub-P7	RMTG	65	305
sub-P7	RMTG	65	306
sub-P7	RMTG	65	323
sub-P7	RMTG	65	324
sub-P7	RMTG	65	327
sub-P7	RMTG	65	328
sub-P7	RMTG	65	329
sub-P7	RMTG	65	331
sub-P7	RMTG	65	332
sub-P7	RMTG	65	334
sub-P7	RMTG	65	335
sub-P7	RMTG	65	338
sub-P7	RMTG	65	339
sub-P7	RMTG	65	341
sub-P7	RMTG	65	343
sub-P7	RMTG	65	349
sub-P7	RMTG	65	357
sub-P7	RMTG	65	358
sub-P7	RMTG	65	360
sub-P7	RMTG	65	364
sub-P7	RMTG	65	367
sub-P7	RMTG	65	368
sub-P7	RMTG	65	369
sub-P7	RMTG	65	370
sub-P7	RMTG	65	371
sub-P7	RMTG	65	373
sub-P7	RMTG	65	377
sub-P7	RMFG	17	4
sub-P7	RMFG	17	6
sub-P7	RMFG	17	9
sub-P7	RMFG	17	10
sub-P7	RMFG	17	17
sub-P7	RMFG	17	18
sub-P7	RMFG	17	21
sub-P7	RMFG	17	22
sub-P7	RMFG	17	23
sub-P7	RMFG	17	24
sub-P7	RMFG	17	25
sub-P7	RMFG	17	27
sub-P7	RMFG	17	29
sub-P7	RMFG	17	31
sub-P7	RMFG	17	32
sub-P7	RMFG	17	33
sub-P7	RMFG	17	34
sub-P7	RMFG	17	35
sub-P7	RMFG	17	36
sub-P7	RMFG	17	38
sub-P7	RMFG	17	41
sub-P7	RMFG	17	43
sub-P7	RMFG	17	44
sub-P7	RMFG	17	45
sub-P7	RMFG	17	46
sub-P7	RMFG	17	47
sub-P7	RMFG	17	48
sub-P7	RMFG	17	49
sub-P7	RMFG	17	51
sub-P7	RMFG	17	52
sub-P7	RMFG	17	53
sub-P7	RMFG	17	56
sub-P7	RMFG	17	57
sub-P7	RMFG	17	58
sub-P7	RMFG	17	60
sub-P7	RMFG	17	61
sub-P7	RMFG	17	62
sub-P7	RMFG	17	64
sub-P7	RMFG	17	65
sub-P7	RMFG	17	66
sub-P7	RMFG	17	68
sub-P7	RMFG	17	69
sub-P7	RMFG	17	70
sub-P7	RMFG	17	73
sub-P7	RMFG	17	74
sub-P7	RMFG	17	75
sub-P7	RMFG	17	77
sub-P7	RMFG	17	78
sub-P7	RMFG	17	80
sub-P7	RMFG	17	81
sub-P7	RMFG	17	82
sub-P7	RMFG	17	83
sub-P7	RMFG	17	84
sub-P7	RMFG	17	85
sub-P7	RMFG	17	86
sub-P7	RMFG	17	87
sub-P7	RMFG	17	88
sub-P7	RMFG	17	90
sub-P7	RMFG	17	93
sub-P7	RMFG	17	94
sub-P7	RMFG	17	96
sub-P7	RMFG	17	101
sub-P7	RMFG	17	102
sub-P7	RMFG	17	103
sub-P7	RMFG	17	104
sub-P7	RMFG	17	105
sub-P7	RMFG	17	107
sub-P7	RMFG	17	110
sub-P7	RMFG	17	112
sub-P7	RMFG	17	113
sub-P7	RMFG	17	114
sub-P7	RMFG	17	117
sub-P7	RMFG	17	120
sub-P7	RMFG	17	122
sub-P7	RMFG	17	125
sub-P7	RMFG	17	126
sub-P7	RMFG	17	127
sub-P7	RMFG	17	128
sub-P7	RMFG	17	129
sub-P7	RMFG	17	130
sub-P7	RMFG	17	131
sub-P7	RMFG	17	132
sub-P7	RMFG	17	133
sub-P7	RMFG	17	134
sub-P7	RMFG	17	137
sub-P7	RMFG	17	141
sub-P7	RMFG	17	143
sub-P7	RMFG	17	144
sub-P7	RMFG	17	145
sub-P7	RMFG	17	147
sub-P7	RMFG	17	149
sub-P7	RMFG	17	152
sub-P7	RMFG	17	154
sub-P7	RMFG	17	155
sub-P7	RMFG	17	160
sub-P7	RMFG	17	161
sub-P7	RMFG	17	165
sub-P7	RMFG	17	166
sub-P7	RMFG	17	167
sub-P7	RMFG	17	169
sub-P7	RMFG	17	170
sub-P7	RMFG	17	171
sub-P7	RMFG	17	172
sub-P7	RMFG	17	173
sub-P7	RMFG	17	174
sub-P7	RMFG	17	175
sub-P7	RMFG	17	176
sub-P7	RMFG	17	177
sub-P7	RMFG	17	178
sub-P7	RMFG	17	179
sub-P7	RMFG	17	181
sub-P7	RMFG	17	183
sub-P7	RMFG	17	185
sub-P7	RMFG	17	189
sub-P7	RMFG	17	190
sub-P7	RMFG	17	192
sub-P7	RMFG	17	193
sub-P7	RMFG	17	194
sub-P7	RMFG	17	195
sub-P7	RMFG	17	197
sub-P7	RMFG	17	198
sub-P7	RMFG	17	201
sub-P7	RMFG	17	202
sub-P7	RMFG	17	203
sub-P7	RMFG	17	204
sub-P7	RMFG	17	206
sub-P7	RMFG	17	207
sub-P7	RMFG	17	209
sub-P7	RMFG	17	210
sub-P7	RMFG	17	211
sub-P7	RMFG	17	212
sub-P7	RMFG	17	214
sub-P7	RMFG	17	215
sub-P7	RMFG	17	216
sub-P7	RMFG	17	217
sub-P7	RMFG	17	219
sub-P7	RMFG	17	220
sub-P7	RMFG	17	221
sub-P7	RMFG	17	223
sub-P7	RMFG	17	224
sub-P7	RMFG	17	225
sub-P7	RMFG	17	226
sub-P7	RMFG	17	230
sub-P7	RMFG	17	231
sub-P7	RMFG	17	232
sub-P7	RMFG	17	236
sub-P7	RMFG	17	239
sub-P7	RMFG	17	240
sub-P7	RMFG	17	241
sub-P7	RMFG	17	244
sub-P7	RMFG	17	248
sub-P7	RMFG	17	250
sub-P7	RMFG	17	252
sub-P7	RMFG	17	253
sub-P7	RMFG	17	255
sub-P7	RMFG	17	256
sub-P7	RMFG	17	258
sub-P7	RMFG	17	259
sub-P7	RMFG	17	271
sub-P7	RMFG	17	273
sub-P7	RMFG	17	274
sub-P7	RMFG	17	275
sub-P7	RMFG	17	277
sub-P7	RMFG	17	280
sub-P7	RMFG	17	283
sub-P7	RMFG	17	284
sub-P7	RMFG	17	285
sub-P7	RMFG	17	286
sub-P7	RMFG	17	287
sub-P7	RMFG	17	288
sub-P7	RMFG	17	290
sub-P7	RMFG	17	292
sub-P7	RMFG	17	295
sub-P7	RMFG	17	296
sub-P7	RMFG	17	298
sub-P7	RMFG	17	299
sub-P7	RMFG	17	300
sub-P7	RMFG	17	301
sub-P7	RMFG	17	304
sub-P7	RMFG	17	306
sub-P7	RMFG	17	309
sub-P7	RMFG	17	315
sub-P7	RMFG	17	317
sub-P7	RMFG	17	319
sub-P7	RMFG	17	322
sub-P7	RMFG	17	323
sub-P7	RMFG	17	324
sub-P7	RMFG	17	327
sub-P7	RMFG	17	328
sub-P7	RMFG	17	329
sub-P7	RMFG	17	331
sub-P7	RMFG	17	332
sub-P7	RMFG	17	334
sub-P7	RMFG	17	335
sub-P7	RMFG	17	337
sub-P7	RMFG	17	338
sub-P7	RMFG	17	339
sub-P7	RMFG	17	341
sub-P7	RMFG	17	343
sub-P7	RMFG	17	346
sub-P7	RMFG	17	350
sub-P7	RMFG	17	353
sub-P7	RMFG	17	355
sub-P7	RMFG	17	357
sub-P7	RMFG	17	358
sub-P7	RMFG	17	359
sub-P7	RMFG	17	360
sub-P7	RMFG	17	364
sub-P7	RMFG	17	366
sub-P7	RMFG	17	367
sub-P7	RMFG	17	368
sub-P7	RMFG	17	370
sub-P7	RMFG	17	371
sub-P7	RMFG	17	373
sub-P7	RMFG	17	377
sub-P7	RMFG	18	4
sub-P7	RMFG	18	6
sub-P7	RMFG	18	9
sub-P7	RMFG	18	10
sub-P7	RMFG	18	13
sub-P7	RMFG	18	17
sub-P7	RMFG	18	18
sub-P7	RMFG	18	21
sub-P7	RMFG	18	22
sub-P7	RMFG	18	23
sub-P7	RMFG	18	24
sub-P7	RMFG	18	25
sub-P7	RMFG	18	27
sub-P7	RMFG	18	29
sub-P7	RMFG	18	31
sub-P7	RMFG	18	32
sub-P7	RMFG	18	33
sub-P7	RMFG	18	34
sub-P7	RMFG	18	35
sub-P7	RMFG	18	36
sub-P7	RMFG	18	38
sub-P7	RMFG	18	41
sub-P7	RMFG	18	43
sub-P7	RMFG	18	44
sub-P7	RMFG	18	45
sub-P7	RMFG	18	46
sub-P7	RMFG	18	47
sub-P7	RMFG	18	48
sub-P7	RMFG	18	49
sub-P7	RMFG	18	51
sub-P7	RMFG	18	52
sub-P7	RMFG	18	53
sub-P7	RMFG	18	56
sub-P7	RMFG	18	57
sub-P7	RMFG	18	58
sub-P7	RMFG	18	60
sub-P7	RMFG	18	61
sub-P7	RMFG	18	62
sub-P7	RMFG	18	64
sub-P7	RMFG	18	65
sub-P7	RMFG	18	66
sub-P7	RMFG	18	68
sub-P7	RMFG	18	69
sub-P7	RMFG	18	70
sub-P7	RMFG	18	73
sub-P7	RMFG	18	74
sub-P7	RMFG	18	75
sub-P7	RMFG	18	77
sub-P7	RMFG	18	78
sub-P7	RMFG	18	80
sub-P7	RMFG	18	81
sub-P7	RMFG	18	84
sub-P7	RMFG	18	85
sub-P7	RMFG	18	86
sub-P7	RMFG	18	87
sub-P7	RMFG	18	88
sub-P7	RMFG	18	90
sub-P7	RMFG	18	93
sub-P7	RMFG	18	94
sub-P7	RMFG	18	96
sub-P7	RMFG	18	101
sub-P7	RMFG	18	102
sub-P7	RMFG	18	103
sub-P7	RMFG	18	105
sub-P7	RMFG	18	107
sub-P7	RMFG	18	112
sub-P7	RMFG	18	113
sub-P7	RMFG	18	114
sub-P7	RMFG	18	117
sub-P7	RMFG	18	120
sub-P7	RMFG	18	122
sub-P7	RMFG	18	125
sub-P7	RMFG	18	126
sub-P7	RMFG	18	128
sub-P7	RMFG	18	130
sub-P7	RMFG	18	131
sub-P7	RMFG	18	132
sub-P7	RMFG	18	133
sub-P7	RMFG	18	137
sub-P7	RMFG	18	141
sub-P7	RMFG	18	143
sub-P7	RMFG	18	145
sub-P7	RMFG	18	147
sub-P7	RMFG	18	149
sub-P7	RMFG	18	152
sub-P7	RMFG	18	154
sub-P7	RMFG	18	155
sub-P7	RMFG	18	156
sub-P7	RMFG	18	160
sub-P7	RMFG	18	161
sub-P7	RMFG	18	165
sub-P7	RMFG	18	166
sub-P7	RMFG	18	169
sub-P7	RMFG	18	172
sub-P7	RMFG	18	173
sub-P7	RMFG	18	174
sub-P7	RMFG	18	175
sub-P7	RMFG	18	176
sub-P7	RMFG	18	181
sub-P7	RMFG	18	183
sub-P7	RMFG	18	185
sub-P7	RMFG	18	189
sub-P7	RMFG	18	190
sub-P7	RMFG	18	191
sub-P7	RMFG	18	192
sub-P7	RMFG	18	194
sub-P7	RMFG	18	195
sub-P7	RMFG	18	197
sub-P7	RMFG	18	198
sub-P7	RMFG	18	201
sub-P7	RMFG	18	202
sub-P7	RMFG	18	204
sub-P7	RMFG	18	206
sub-P7	RMFG	18	207
sub-P7	RMFG	18	209
sub-P7	RMFG	18	210
sub-P7	RMFG	18	211
sub-P7	RMFG	18	212
sub-P7	RMFG	18	214
sub-P7	RMFG	18	215
sub-P7	RMFG	18	216
sub-P7	RMFG	18	217
sub-P7	RMFG	18	219
sub-P7	RMFG	18	221
sub-P7	RMFG	18	223
sub-P7	RMFG	18	225
sub-P7	RMFG	18	230
sub-P7	RMFG	18	231
sub-P7	RMFG	18	232
sub-P7	RMFG	18	236
sub-P7	RMFG	18	239
sub-P7	RMFG	18	240
sub-P7	RMFG	18	241
sub-P7	RMFG	18	244
sub-P7	RMFG	18	248
sub-P7	RMFG	18	250
sub-P7	RMFG	18	252
sub-P7	RMFG	18	253
sub-P7	RMFG	18	255
sub-P7	RMFG	18	258
sub-P7	RMFG	18	259
sub-P7	RMFG	18	271
sub-P7	RMFG	18	273
sub-P7	RMFG	18	274
sub-P7	RMFG	18	275
sub-P7	RMFG	18	277
sub-P7	RMFG	18	280
sub-P7	RMFG	18	283
sub-P7	RMFG	18	284
sub-P7	RMFG	18	285
sub-P7	RMFG	18	286
sub-P7	RMFG	18	287
sub-P7	RMFG	18	290
sub-P7	RMFG	18	292
sub-P7	RMFG	18	295
sub-P7	RMFG	18	296
sub-P7	RMFG	18	299
sub-P7	RMFG	18	304
sub-P7	RMFG	18	306
sub-P7	RMFG	18	309
sub-P7	RMFG	18	315
sub-P7	RMFG	18	317
sub-P7	RMFG	18	322
sub-P7	RMFG	18	323
sub-P7	RMFG	18	327
sub-P7	RMFG	18	328
sub-P7	RMFG	18	329
sub-P7	RMFG	18	331
sub-P7	RMFG	18	332
sub-P7	RMFG	18	334
sub-P7	RMFG	18	337
sub-P7	RMFG	18	339
sub-P7	RMFG	18	341
sub-P7	RMFG	18	343
sub-P7	RMFG	18	346
sub-P7	RMFG	18	350
sub-P7	RMFG	18	353
sub-P7	RMFG	18	355
sub-P7	RMFG	18	357
sub-P7	RMFG	18	358
sub-P7	RMFG	18	359
sub-P7	RMFG	18	364
sub-P7	RMFG	18	366
sub-P7	RMFG	18	367
sub-P7	RMFG	18	370
sub-P7	RMFG	18	373
sub-P7	RMFG	18	377
sub-P7	RMFG	20	4
sub-P7	RMFG	20	6
sub-P7	RMFG	20	9
sub-P7	RMFG	20	10
sub-P7	RMFG	20	13
sub-P7	RMFG	20	17
sub-P7	RMFG	20	18
sub-P7	RMFG	20	21
sub-P7	RMFG	20	22
sub-P7	RMFG	20	23
sub-P7	RMFG	20	24
sub-P7	RMFG	20	25
sub-P7	RMFG	20	27
sub-P7	RMFG	20	29
sub-P7	RMFG	20	31
sub-P7	RMFG	20	32
sub-P7	RMFG	20	33
sub-P7	RMFG	20	34
sub-P7	RMFG	20	35
sub-P7	RMFG	20	36
sub-P7	RMFG	20	38
sub-P7	RMFG	20	41
sub-P7	RMFG	20	43
sub-P7	RMFG	20	44
sub-P7	RMFG	20	45
sub-P7	RMFG	20	47
sub-P7	RMFG	20	48
sub-P7	RMFG	20	49
sub-P7	RMFG	20	51
sub-P7	RMFG	20	52
sub-P7	RMFG	20	53
sub-P7	RMFG	20	56
sub-P7	RMFG	20	57
sub-P7	RMFG	20	58
sub-P7	RMFG	20	60
sub-P7	RMFG	20	61
sub-P7	RMFG	20	62
sub-P7	RMFG	20	64
sub-P7	RMFG	20	65
sub-P7	RMFG	20	66
sub-P7	RMFG	20	68
sub-P7	RMFG	20	69
sub-P7	RMFG	20	70
sub-P7	RMFG	20	73
sub-P7	RMFG	20	74
sub-P7	RMFG	20	75
sub-P7	RMFG	20	77
sub-P7	RMFG	20	78
sub-P7	RMFG	20	80
sub-P7	RMFG	20	81
sub-P7	RMFG	20	82
sub-P7	RMFG	20	84
sub-P7	RMFG	20	85
sub-P7	RMFG	20	86
sub-P7	RMFG	20	87
sub-P7	RMFG	20	88
sub-P7	RMFG	20	90
sub-P7	RMFG	20	91
sub-P7	RMFG	20	93
sub-P7	RMFG	20	96
sub-P7	RMFG	20	99
sub-P7	RMFG	20	101
sub-P7	RMFG	20	102
sub-P7	RMFG	20	103
sub-P7	RMFG	20	104
sub-P7	RMFG	20	105
sub-P7	RMFG	20	107
sub-P7	RMFG	20	110
sub-P7	RMFG	20	112
sub-P7	RMFG	20	113
sub-P7	RMFG	20	114
sub-P7	RMFG	20	117
sub-P7	RMFG	20	118
sub-P7	RMFG	20	120
sub-P7	RMFG	20	122
sub-P7	RMFG	20	125
sub-P7	RMFG	20	126
sub-P7	RMFG	20	127
sub-P7	RMFG	20	128
sub-P7	RMFG	20	129
sub-P7	RMFG	20	130
sub-P7	RMFG	20	132
sub-P7	RMFG	20	133
sub-P7	RMFG	20	134
sub-P7	RMFG	20	135
sub-P7	RMFG	20	137
sub-P7	RMFG	20	140
sub-P7	RMFG	20	141
sub-P7	RMFG	20	143
sub-P7	RMFG	20	144
sub-P7	RMFG	20	145
sub-P7	RMFG	20	147
sub-P7	RMFG	20	149
sub-P7	RMFG	20	152
sub-P7	RMFG	20	154
sub-P7	RMFG	20	155
sub-P7	RMFG	20	156
sub-P7	RMFG	20	159
sub-P7	RMFG	20	160
sub-P7	RMFG	20	161
sub-P7	RMFG	20	165
sub-P7	RMFG	20	166
sub-P7	RMFG	20	167
sub-P7	RMFG	20	169
sub-P7	RMFG	20	170
sub-P7	RMFG	20	171
sub-P7	RMFG	20	172
sub-P7	RMFG	20	173
sub-P7	RMFG	20	174
sub-P7	RMFG	20	175
sub-P7	RMFG	20	176
sub-P7	RMFG	20	177
sub-P7	RMFG	20	178
sub-P7	RMFG	20	179
sub-P7	RMFG	20	181
sub-P7	RMFG	20	182
sub-P7	RMFG	20	183
sub-P7	RMFG	20	185
sub-P7	RMFG	20	189
sub-P7	RMFG	20	190
sub-P7	RMFG	20	191
sub-P7	RMFG	20	192
sub-P7	RMFG	20	193
sub-P7	RMFG	20	194
sub-P7	RMFG	20	195
sub-P7	RMFG	20	197
sub-P7	RMFG	20	198
sub-P7	RMFG	20	199
sub-P7	RMFG	20	201
sub-P7	RMFG	20	202
sub-P7	RMFG	20	203
sub-P7	RMFG	20	204
sub-P7	RMFG	20	205
sub-P7	RMFG	20	206
sub-P7	RMFG	20	207
sub-P7	RMFG	20	209
sub-P7	RMFG	20	210
sub-P7	RMFG	20	211
sub-P7	RMFG	20	212
sub-P7	RMFG	20	214
sub-P7	RMFG	20	215
sub-P7	RMFG	20	216
sub-P7	RMFG	20	217
sub-P7	RMFG	20	219
sub-P7	RMFG	20	220
sub-P7	RMFG	20	221
sub-P7	RMFG	20	223
sub-P7	RMFG	20	224
sub-P7	RMFG	20	225
sub-P7	RMFG	20	226
sub-P7	RMFG	20	230
sub-P7	RMFG	20	231
sub-P7	RMFG	20	232
sub-P7	RMFG	20	236
sub-P7	RMFG	20	239
sub-P7	RMFG	20	240
sub-P7	RMFG	20	241
sub-P7	RMFG	20	244
sub-P7	RMFG	20	248
sub-P7	RMFG	20	250
sub-P7	RMFG	20	252
sub-P7	RMFG	20	253
sub-P7	RMFG	20	255
sub-P7	RMFG	20	256
sub-P7	RMFG	20	259
sub-P7	RMFG	20	260
sub-P7	RMFG	20	263
sub-P7	RMFG	20	271
sub-P7	RMFG	20	273
sub-P7	RMFG	20	274
sub-P7	RMFG	20	275
sub-P7	RMFG	20	277
sub-P7	RMFG	20	280
sub-P7	RMFG	20	283
sub-P7	RMFG	20	284
sub-P7	RMFG	20	285
sub-P7	RMFG	20	286
sub-P7	RMFG	20	288
sub-P7	RMFG	20	290
sub-P7	RMFG	20	291
sub-P7	RMFG	20	292
sub-P7	RMFG	20	295
sub-P7	RMFG	20	296
sub-P7	RMFG	20	298
sub-P7	RMFG	20	299
sub-P7	RMFG	20	300
sub-P7	RMFG	20	301
sub-P7	RMFG	20	304
sub-P7	RMFG	20	306
sub-P7	RMFG	20	315
sub-P7	RMFG	20	317
sub-P7	RMFG	20	319
sub-P7	RMFG	20	322
sub-P7	RMFG	20	323
sub-P7	RMFG	20	324
sub-P7	RMFG	20	327
sub-P7	RMFG	20	328
sub-P7	RMFG	20	329
sub-P7	RMFG	20	331
sub-P7	RMFG	20	332
sub-P7	RMFG	20	334
sub-P7	RMFG	20	337
sub-P7	RMFG	20	339
sub-P7	RMFG	20	341
sub-P7	RMFG	20	343
sub-P7	RMFG	20	346
sub-P7	RMFG	20	349
sub-P7	RMFG	20	350
sub-P7	RMFG	20	353
sub-P7	RMFG	20	355
sub-P7	RMFG	20	357
sub-P7	RMFG	20	358
sub-P7	RMFG	20	364
sub-P7	RMFG	20	366
sub-P7	RMFG	20	367
sub-P7	RMFG	20	368
sub-P7	RMFG	20	370
sub-P7	RMFG	20	371
sub-P7	RMFG	20	373
sub-P7	RMFG	20	377
sub-P7	RMFG	20	379
